Time,Amount,V1,V2,V3,V4,V5,V6,Class
0,149.62,-1.359807,-0.072781,2.536346,1.378155,-0.338321,0.462388,0
1,2.69,1.191857,0.266151,0.166480,0.448154,0.060018,-0.082361,0
2,378.66,-1.358354,-1.340163,1.773209,0.379780,-0.503198,1.800499,0
3,123.50,-0.966272,-0.185226,1.792993,-0.863291,-0.010309,1.247203,0
4,69.99,-0.817212,0.548756,0.753074,-0.863291,0.201231,0.567890,1
